CREATE DATABASE IF NOT EXISTS daycare;
USE daycare;

create table children (
	child_id INT AUTO_INCREMENT,
	first_name VARCHAR(50) NOT NULL,
	last_name VARCHAR(50) NOT NULL,
	date_of_birth DATE NOT NULL,
	PRIMARY KEY(child_id)
);
insert into children (child_id, first_name, last_name, date_of_birth) values (1, 'Dagmar', 'Matuszewski', '2018-04-29');
insert into children (child_id, first_name, last_name, date_of_birth) values (2, 'Cyrill', 'Warren', '2017-12-22');
insert into children (child_id, first_name, last_name, date_of_birth) values (3, 'Jonah', 'Nigh', '2017-05-31');
insert into children (child_id, first_name, last_name, date_of_birth) values (4, 'Julee', 'Steet', '2017-09-11');
insert into children (child_id, first_name, last_name, date_of_birth) values (5, 'Bobbe', 'Bayfield', '2017-06-21');
insert into children (child_id, first_name, last_name, date_of_birth) values (6, 'Chalmers', 'Minchenton', '2018-08-12');
insert into children (child_id, first_name, last_name, date_of_birth) values (7, 'Elsa', 'Adamik', '2017-03-15');
insert into children (child_id, first_name, last_name, date_of_birth) values (8, 'Lilli', 'Konneke', '2018-05-13');
insert into children (child_id, first_name, last_name, date_of_birth) values (9, 'Gayler', 'Shwenn', '2019-02-08');
insert into children (child_id, first_name, last_name, date_of_birth) values (10, 'Carmella', 'Handrik', '2018-06-09');
insert into children (child_id, first_name, last_name, date_of_birth) values (11, 'Rachele', 'Salterne', '2017-05-26');
insert into children (child_id, first_name, last_name, date_of_birth) values (12, 'Cate', 'Dimeloe', '2017-12-31');
insert into children (child_id, first_name, last_name, date_of_birth) values (13, 'Marney', 'O''Noland', '2019-02-21');
insert into children (child_id, first_name, last_name, date_of_birth) values (14, 'Manfred', 'Rugge', '2018-02-19');
insert into children (child_id, first_name, last_name, date_of_birth) values (15, 'Kinnie', 'Bomfield', '2018-09-09');
insert into children (child_id, first_name, last_name, date_of_birth) values (16, 'Samuele', 'Vanin', '2018-08-04');
insert into children (child_id, first_name, last_name, date_of_birth) values (17, 'Taryn', 'Domenicone', '2017-06-14');
insert into children (child_id, first_name, last_name, date_of_birth) values (18, 'Shena', 'Sondland', '2018-03-17');
insert into children (child_id, first_name, last_name, date_of_birth) values (19, 'Stearn', 'Bredes', '2017-07-30');
insert into children (child_id, first_name, last_name, date_of_birth) values (20, 'Cherry', 'Carney', '2017-11-11');
insert into children (child_id, first_name, last_name, date_of_birth) values (21, 'Brock', 'Aleksich', '2017-07-06');
insert into children (child_id, first_name, last_name, date_of_birth) values (22, 'Rosemonde', 'Cheese', '2017-12-07');
insert into children (child_id, first_name, last_name, date_of_birth) values (23, 'Guglielmo', 'Catterall', '2017-05-28');
insert into children (child_id, first_name, last_name, date_of_birth) values (24, 'Sebastian', 'Baynton', '2018-03-13');
insert into children (child_id, first_name, last_name, date_of_birth) values (25, 'Walden', 'Tapper', '2018-07-23');
insert into children (child_id, first_name, last_name, date_of_birth) values (26, 'Rudolf', 'Judgkins', '2018-07-10');
insert into children (child_id, first_name, last_name, date_of_birth) values (27, 'Gilles', 'Rosen', '2017-09-17');
insert into children (child_id, first_name, last_name, date_of_birth) values (28, 'Kissiah', 'Jancso', '2017-11-12');
insert into children (child_id, first_name, last_name, date_of_birth) values (29, 'Lindsey', 'Belhomme', '2017-08-18');
insert into children (child_id, first_name, last_name, date_of_birth) values (30, 'Hernando', 'Ulyet', '2017-07-04');
insert into children (child_id, first_name, last_name, date_of_birth) values (31, 'Rickey', 'Linning', '2018-01-01');
insert into children (child_id, first_name, last_name, date_of_birth) values (32, 'Baxter', 'Hinzer', '2019-01-09');
insert into children (child_id, first_name, last_name, date_of_birth) values (33, 'Michaeline', 'Pryer', '2017-11-06');
insert into children (child_id, first_name, last_name, date_of_birth) values (34, 'Beale', 'Alvarado', '2018-04-08');
insert into children (child_id, first_name, last_name, date_of_birth) values (35, 'Halley', 'Binns', '2018-10-20');
insert into children (child_id, first_name, last_name, date_of_birth) values (36, 'Morgan', 'Just', '2017-09-14');
insert into children (child_id, first_name, last_name, date_of_birth) values (37, 'Catlee', 'Itscowicz', '2017-08-03');
insert into children (child_id, first_name, last_name, date_of_birth) values (38, 'Clarance', 'Richold', '2017-04-01');
insert into children (child_id, first_name, last_name, date_of_birth) values (39, 'Nathan', 'Oppie', '2018-09-04');
insert into children (child_id, first_name, last_name, date_of_birth) values (40, 'Cheri', 'Brede', '2017-12-22');
insert into children (child_id, first_name, last_name, date_of_birth) values (41, 'Laughton', 'Broxholme', '2018-08-07');
insert into children (child_id, first_name, last_name, date_of_birth) values (42, 'Boyce', 'MacVaugh', '2017-12-29');
insert into children (child_id, first_name, last_name, date_of_birth) values (43, 'Udale', 'Buske', '2018-03-31');
insert into children (child_id, first_name, last_name, date_of_birth) values (44, 'Sacha', 'Geerdts', '2018-07-26');
insert into children (child_id, first_name, last_name, date_of_birth) values (45, 'Rhodie', 'Enderby', '2017-05-16');
insert into children (child_id, first_name, last_name, date_of_birth) values (46, 'Harwell', 'Condon', '2018-12-22');
insert into children (child_id, first_name, last_name, date_of_birth) values (47, 'Alfie', 'Dulson', '2017-12-23');
insert into children (child_id, first_name, last_name, date_of_birth) values (48, 'Ario', 'Abrahamovitz', '2017-06-07');
insert into children (child_id, first_name, last_name, date_of_birth) values (49, 'Ricardo', 'Girardini', '2018-11-08');
insert into children (child_id, first_name, last_name, date_of_birth) values (50, 'Andrew', 'Willman', '2018-11-14');
insert into children (child_id, first_name, last_name, date_of_birth) values (51, 'Lemmy', 'Webburn', '2017-07-26');
insert into children (child_id, first_name, last_name, date_of_birth) values (52, 'Ari', 'Vickerstaff', '2019-01-05');
insert into children (child_id, first_name, last_name, date_of_birth) values (53, 'Thomasine', 'Buckthorpe', '2017-10-13');
insert into children (child_id, first_name, last_name, date_of_birth) values (54, 'Angelo', 'Wittrington', '2017-06-25');
insert into children (child_id, first_name, last_name, date_of_birth) values (55, 'Lorrie', 'Coady', '2017-03-20');
insert into children (child_id, first_name, last_name, date_of_birth) values (56, 'Stephine', 'Huntall', '2018-06-25');
insert into children (child_id, first_name, last_name, date_of_birth) values (57, 'Domingo', 'Atwill', '2018-01-17');
insert into children (child_id, first_name, last_name, date_of_birth) values (58, 'Lethia', 'Kehoe', '2017-09-16');
insert into children (child_id, first_name, last_name, date_of_birth) values (59, 'Persis', 'Monnery', '2018-05-05');
insert into children (child_id, first_name, last_name, date_of_birth) values (60, 'Mahalia', 'Treher', '2018-01-11');
insert into children (child_id, first_name, last_name, date_of_birth) values (61, 'Rolf', 'MacAlester', '2018-08-14');
insert into children (child_id, first_name, last_name, date_of_birth) values (62, 'Di', 'Deuss', '2018-07-29');
insert into children (child_id, first_name, last_name, date_of_birth) values (63, 'Nikola', 'Sizland', '2018-10-01');
insert into children (child_id, first_name, last_name, date_of_birth) values (64, 'Ezmeralda', 'Patek', '2017-04-20');
insert into children (child_id, first_name, last_name, date_of_birth) values (65, 'Ricki', 'Ruggiero', '2017-08-14');
insert into children (child_id, first_name, last_name, date_of_birth) values (66, 'Wilfrid', 'Tugwell', '2017-04-17');
insert into children (child_id, first_name, last_name, date_of_birth) values (67, 'Ellene', 'Meddemmen', '2018-03-23');
insert into children (child_id, first_name, last_name, date_of_birth) values (68, 'Ricoriki', 'Poznanski', '2017-10-24');
insert into children (child_id, first_name, last_name, date_of_birth) values (69, 'Ulberto', 'Brinicombe', '2018-05-01');
insert into children (child_id, first_name, last_name, date_of_birth) values (70, 'Bertie', 'Giorgini', '2017-06-15');
insert into children (child_id, first_name, last_name, date_of_birth) values (71, 'Franky', 'Wilderspoon', '2017-05-29');
insert into children (child_id, first_name, last_name, date_of_birth) values (72, 'Essa', 'Skeeles', '2018-12-19');
insert into children (child_id, first_name, last_name, date_of_birth) values (73, 'Kevan', 'Bowick', '2017-07-19');
insert into children (child_id, first_name, last_name, date_of_birth) values (74, 'Gabby', 'Layburn', '2018-09-22');
insert into children (child_id, first_name, last_name, date_of_birth) values (75, 'Garrett', 'Fey', '2018-07-18');
insert into children (child_id, first_name, last_name, date_of_birth) values (76, 'Camey', 'Heinecke', '2018-03-08');
insert into children (child_id, first_name, last_name, date_of_birth) values (77, 'Lorrayne', 'Rettie', '2018-04-26');
insert into children (child_id, first_name, last_name, date_of_birth) values (78, 'Dietrich', 'Rayburn', '2017-08-15');
insert into children (child_id, first_name, last_name, date_of_birth) values (79, 'Chance', 'Canniffe', '2018-07-02');
insert into children (child_id, first_name, last_name, date_of_birth) values (80, 'Zaccaria', 'McVicker', '2018-06-10');
insert into children (child_id, first_name, last_name, date_of_birth) values (81, 'Drucie', 'Ascrofte', '2017-09-01');
insert into children (child_id, first_name, last_name, date_of_birth) values (82, 'Tadd', 'Skunes', '2017-11-26');
insert into children (child_id, first_name, last_name, date_of_birth) values (83, 'Aubert', 'Wagnerin', '2018-11-17');
insert into children (child_id, first_name, last_name, date_of_birth) values (84, 'Gilbertine', 'Fidock', '2018-11-23');
insert into children (child_id, first_name, last_name, date_of_birth) values (85, 'Welsh', 'Doogan', '2018-01-22');
insert into children (child_id, first_name, last_name, date_of_birth) values (86, 'Benny', 'Custed', '2019-02-01');
insert into children (child_id, first_name, last_name, date_of_birth) values (87, 'Boony', 'Moncrieffe', '2017-05-24');
insert into children (child_id, first_name, last_name, date_of_birth) values (88, 'Casar', 'Loxly', '2018-02-05');
insert into children (child_id, first_name, last_name, date_of_birth) values (89, 'Galina', 'Dwelling', '2018-07-04');
insert into children (child_id, first_name, last_name, date_of_birth) values (90, 'Gayle', 'Lumbers', '2018-05-22');
insert into children (child_id, first_name, last_name, date_of_birth) values (91, 'Talyah', 'Linskill', '2017-09-18');
insert into children (child_id, first_name, last_name, date_of_birth) values (92, 'Linus', 'Esmead', '2017-04-24');
insert into children (child_id, first_name, last_name, date_of_birth) values (93, 'Lou', 'Brient', '2017-07-22');
insert into children (child_id, first_name, last_name, date_of_birth) values (94, 'Ricki', 'Rosbottom', '2019-02-13');
insert into children (child_id, first_name, last_name, date_of_birth) values (95, 'Ganny', 'Sarchwell', '2017-11-29');
insert into children (child_id, first_name, last_name, date_of_birth) values (96, 'Marvin', 'Carine', '2017-12-08');
insert into children (child_id, first_name, last_name, date_of_birth) values (97, 'Ravi', 'Vecard', '2018-08-06');
insert into children (child_id, first_name, last_name, date_of_birth) values (98, 'Shina', 'Vero', '2018-02-23');
insert into children (child_id, first_name, last_name, date_of_birth) values (99, 'Manon', 'Behnen', '2017-05-21');
insert into children (child_id, first_name, last_name, date_of_birth) values (100, 'Ariella', 'Riep', '2018-06-06');

create table classes (
	class_id INT AUTO_INCREMENT,
	child_id INT,
	employee_id INT,
	PRIMARY KEY(class_id, child_id, employee_id)
);
insert into classes (child_id, employee_id, class_id) values (1, 7, 1);
insert into classes (child_id, employee_id, class_id) values (2, 5, 1);
insert into classes (child_id, employee_id, class_id) values (3, 7, 1);
insert into classes (child_id, employee_id, class_id) values (4, 10, 1);
insert into classes (child_id, employee_id, class_id) values (5, 7, 1);
insert into classes (child_id, employee_id, class_id) values (6, 5, 1);
insert into classes (child_id, employee_id, class_id) values (7, 12, 1);
insert into classes (child_id, employee_id, class_id) values (8, 11, 1);
insert into classes (child_id, employee_id, class_id) values (9, 1, 1);
insert into classes (child_id, employee_id, class_id) values (10, 2, 1);
insert into classes (child_id, employee_id, class_id) values (11, 3, 1);
insert into classes (child_id, employee_id, class_id) values (12, 4, 1);
insert into classes (child_id, employee_id, class_id) values (13, 9, 1);
insert into classes (child_id, employee_id, class_id) values (14, 8, 1);
insert into classes (child_id, employee_id, class_id) values (15, 12, 1);
insert into classes (child_id, employee_id, class_id) values (16, 10, 1);
insert into classes (child_id, employee_id, class_id) values (17, 7, 1);
insert into classes (child_id, employee_id, class_id) values (18, 9, 1);
insert into classes (child_id, employee_id, class_id) values (19, 1, 1);
insert into classes (child_id, employee_id, class_id) values (20, 4, 1);
insert into classes (child_id, employee_id, class_id) values (21, 3, 2);
insert into classes (child_id, employee_id, class_id) values (22, 8, 2);
insert into classes (child_id, employee_id, class_id) values (23, 4, 2);
insert into classes (child_id, employee_id, class_id) values (24, 9, 2);
insert into classes (child_id, employee_id, class_id) values (25, 3, 2);
insert into classes (child_id, employee_id, class_id) values (26, 8, 2);
insert into classes (child_id, employee_id, class_id) values (27, 11, 2);
insert into classes (child_id, employee_id, class_id) values (28, 3, 2);
insert into classes (child_id, employee_id, class_id) values (29, 1, 2);
insert into classes (child_id, employee_id, class_id) values (30, 3, 2);
insert into classes (child_id, employee_id, class_id) values (31, 5, 2);
insert into classes (child_id, employee_id, class_id) values (32, 2, 2);
insert into classes (child_id, employee_id, class_id) values (33, 3, 2);
insert into classes (child_id, employee_id, class_id) values (34, 11, 2);
insert into classes (child_id, employee_id, class_id) values (35, 1, 2);
insert into classes (child_id, employee_id, class_id) values (36, 11, 2);
insert into classes (child_id, employee_id, class_id) values (37, 10, 2);
insert into classes (child_id, employee_id, class_id) values (38, 12, 2);
insert into classes (child_id, employee_id, class_id) values (39, 8, 2);
insert into classes (child_id, employee_id, class_id) values (40, 12, 3);
insert into classes (child_id, employee_id, class_id) values (41, 3, 3);
insert into classes (child_id, employee_id, class_id) values (42, 2, 3);
insert into classes (child_id, employee_id, class_id) values (43, 8, 3);
insert into classes (child_id, employee_id, class_id) values (44, 9, 3);
insert into classes (child_id, employee_id, class_id) values (45, 10, 3);
insert into classes (child_id, employee_id, class_id) values (46, 1, 3);
insert into classes (child_id, employee_id, class_id) values (47, 12, 3);
insert into classes (child_id, employee_id, class_id) values (48, 1, 3);
insert into classes (child_id, employee_id, class_id) values (49, 11, 3);
insert into classes (child_id, employee_id, class_id) values (50, 1, 3);
insert into classes (child_id, employee_id, class_id) values (51, 4, 3);
insert into classes (child_id, employee_id, class_id) values (52, 5, 3);
insert into classes (child_id, employee_id, class_id) values (53, 4, 3);
insert into classes (child_id, employee_id, class_id) values (54, 10, 3);
insert into classes (child_id, employee_id, class_id) values (55, 7, 3);
insert into classes (child_id, employee_id, class_id) values (56, 7, 3);
insert into classes (child_id, employee_id, class_id) values (57, 5, 3);
insert into classes (child_id, employee_id, class_id) values (58, 3, 3);
insert into classes (child_id, employee_id, class_id) values (59, 2, 3);
insert into classes (child_id, employee_id, class_id) values (60, 5, 3);
insert into classes (child_id, employee_id, class_id) values (61, 2, 4);
insert into classes (child_id, employee_id, class_id) values (62, 9, 4);
insert into classes (child_id, employee_id, class_id) values (63, 3, 4);
insert into classes (child_id, employee_id, class_id) values (64, 12, 4);
insert into classes (child_id, employee_id, class_id) values (65, 2, 4);
insert into classes (child_id, employee_id, class_id) values (66, 1, 4);
insert into classes (child_id, employee_id, class_id) values (67, 4, 4);
insert into classes (child_id, employee_id, class_id) values (68, 2, 4);
insert into classes (child_id, employee_id, class_id) values (69, 9, 4);
insert into classes (child_id, employee_id, class_id) values (70, 10, 4);
insert into classes (child_id, employee_id, class_id) values (71, 10, 4);
insert into classes (child_id, employee_id, class_id) values (72, 7, 4);
insert into classes (child_id, employee_id, class_id) values (73, 7, 4);
insert into classes (child_id, employee_id, class_id) values (74, 5, 4);
insert into classes (child_id, employee_id, class_id) values (75, 12, 4);
insert into classes (child_id, employee_id, class_id) values (76, 2, 4);
insert into classes (child_id, employee_id, class_id) values (77, 3, 4);
insert into classes (child_id, employee_id, class_id) values (78, 8, 4);
insert into classes (child_id, employee_id, class_id) values (79, 9, 4);
insert into classes (child_id, employee_id, class_id) values (80, 3, 4);

create table employees (
	employee_id INT AUTO_INCREMENT,
	first_name VARCHAR(50) NOT NULL,
	last_name VARCHAR(50) NOT NULL,
	phone VARCHAR(50) NOT NULL,
	title VARCHAR(50) NOT NULL,
	PRIMARY KEY(employee_id)
);
insert into employees (employee_id, first_name, last_name, phone, title) values (1, 'Storm', 'Knowlton', '+45 89995727', 'Teacher');
insert into employees (employee_id, first_name, last_name, phone, title) values (2, 'Ayn', 'Mowsley', '+45 29427911', 'Teacher');
insert into employees (employee_id, first_name, last_name, phone, title) values (3, 'Yank', 'McIlroy', '+45 38450550', 'Teacher');
insert into employees (employee_id, first_name, last_name, phone, title) values (4, 'Cody', 'Hellcat', '+45 21769445', 'Teacher');
insert into employees (employee_id, first_name, last_name, phone, title) values (5, 'Breanne', 'Savins', '+45 99250067', 'Teacher');
insert into employees (employee_id, first_name, last_name, phone, title) values (6, 'Maxim', 'Kurten', '+45 80716567', 'Teacher');
insert into employees (employee_id, first_name, last_name, phone, title) values (7, 'Codie', 'Hayes', '+45 19172398', 'Teacher');
insert into employees (employee_id, first_name, last_name, phone, title) values (8, 'Hersch', 'Weben', '+45 61912929', 'Teacher');
insert into employees (employee_id, first_name, last_name, phone, title) values (9, 'Zeke', 'Seath', '+45 11066566', 'Teacher');
insert into employees (employee_id, first_name, last_name, phone, title) values (10, 'Tracie', 'Hymer', '+45 72915455', 'Teacher');
insert into employees (employee_id, first_name, last_name, phone, title) values (11, 'Jacobo', 'Calderbank', '+45 46379640', 'Teacher');
insert into employees (employee_id, first_name, last_name, phone, title) values (12, 'Addison', 'Sandyford', '+45 29801702', 'Teacher');
insert into employees (employee_id, first_name, last_name, phone, title) values (13, 'Michal', 'Tinan', '+45 58080547', 'Cleaner');
insert into employees (employee_id, first_name, last_name, phone, title) values (14, 'Sal', 'Oyley', '+45 04041640', 'Manager');
insert into employees (employee_id, first_name, last_name, phone, title) values (15, 'Darren', 'Gersam', '+45 53440024', 'Secretary');

create table enrollments (
	child_id INT AUTO_INCREMENT,
	start_year YEAR NOT NULL,
	end_year YEAR NOT NULL,
	PRIMARY KEY(child_id)
);
insert into enrollments (child_id, start_year, end_year) values (1, 2021, 2024);
insert into enrollments (child_id, start_year, end_year) values (2, 2022, 2025);
insert into enrollments (child_id, start_year, end_year) values (3, 2022, 2025);
insert into enrollments (child_id, start_year, end_year) values (4, 2019, 2022);
insert into enrollments (child_id, start_year, end_year) values (5, 2021, 2024);
insert into enrollments (child_id, start_year, end_year) values (6, 2020, 2023);
insert into enrollments (child_id, start_year, end_year) values (7, 2020, 2023);
insert into enrollments (child_id, start_year, end_year) values (8, 2019, 2022);
insert into enrollments (child_id, start_year, end_year) values (9, 2021, 2024);
insert into enrollments (child_id, start_year, end_year) values (10, 2022, 2025);
insert into enrollments (child_id, start_year, end_year) values (11, 2020, 2023);
insert into enrollments (child_id, start_year, end_year) values (12, 2022, 2025);
insert into enrollments (child_id, start_year, end_year) values (13, 2021, 2024);
insert into enrollments (child_id, start_year, end_year) values (14, 2019, 2022);
insert into enrollments (child_id, start_year, end_year) values (15, 2020, 2023);
insert into enrollments (child_id, start_year, end_year) values (16, 2019, 2022);
insert into enrollments (child_id, start_year, end_year) values (17, 2021, 2024);
insert into enrollments (child_id, start_year, end_year) values (18, 2021, 2024);
insert into enrollments (child_id, start_year, end_year) values (19, 2021, 2024);
insert into enrollments (child_id, start_year, end_year) values (20, 2022, 2025);
insert into enrollments (child_id, start_year, end_year) values (21, 2020, 2023);
insert into enrollments (child_id, start_year, end_year) values (22, 2020, 2023);
insert into enrollments (child_id, start_year, end_year) values (23, 2020, 2023);
insert into enrollments (child_id, start_year, end_year) values (24, 2020, 2023);
insert into enrollments (child_id, start_year, end_year) values (25, 2019, 2022);
insert into enrollments (child_id, start_year, end_year) values (26, 2019, 2022);
insert into enrollments (child_id, start_year, end_year) values (27, 2021, 2024);
insert into enrollments (child_id, start_year, end_year) values (28, 2020, 2023);
insert into enrollments (child_id, start_year, end_year) values (29, 2020, 2023);
insert into enrollments (child_id, start_year, end_year) values (30, 2021, 2024);
insert into enrollments (child_id, start_year, end_year) values (31, 2021, 2024);
insert into enrollments (child_id, start_year, end_year) values (32, 2019, 2022);
insert into enrollments (child_id, start_year, end_year) values (33, 2020, 2023);
insert into enrollments (child_id, start_year, end_year) values (34, 2022, 2025);
insert into enrollments (child_id, start_year, end_year) values (35, 2021, 2024);
insert into enrollments (child_id, start_year, end_year) values (36, 2019, 2022);
insert into enrollments (child_id, start_year, end_year) values (37, 2022, 2025);
insert into enrollments (child_id, start_year, end_year) values (38, 2021, 2024);
insert into enrollments (child_id, start_year, end_year) values (39, 2019, 2022);
insert into enrollments (child_id, start_year, end_year) values (40, 2022, 2025);
insert into enrollments (child_id, start_year, end_year) values (41, 2022, 2025);
insert into enrollments (child_id, start_year, end_year) values (42, 2021, 2024);
insert into enrollments (child_id, start_year, end_year) values (43, 2020, 2023);
insert into enrollments (child_id, start_year, end_year) values (44, 2021, 2024);
insert into enrollments (child_id, start_year, end_year) values (45, 2022, 2025);
insert into enrollments (child_id, start_year, end_year) values (46, 2019, 2022);
insert into enrollments (child_id, start_year, end_year) values (47, 2020, 2023);
insert into enrollments (child_id, start_year, end_year) values (48, 2019, 2022);
insert into enrollments (child_id, start_year, end_year) values (49, 2019, 2022);
insert into enrollments (child_id, start_year, end_year) values (50, 2021, 2024);
insert into enrollments (child_id, start_year, end_year) values (51, 2022, 2025);
insert into enrollments (child_id, start_year, end_year) values (52, 2019, 2022);
insert into enrollments (child_id, start_year, end_year) values (53, 2020, 2023);
insert into enrollments (child_id, start_year, end_year) values (54, 2020, 2023);
insert into enrollments (child_id, start_year, end_year) values (55, 2022, 2025);
insert into enrollments (child_id, start_year, end_year) values (56, 2022, 2025);
insert into enrollments (child_id, start_year, end_year) values (57, 2019, 2022);
insert into enrollments (child_id, start_year, end_year) values (58, 2022, 2025);
insert into enrollments (child_id, start_year, end_year) values (59, 2020, 2023);
insert into enrollments (child_id, start_year, end_year) values (60, 2020, 2023);
insert into enrollments (child_id, start_year, end_year) values (61, 2021, 2024);
insert into enrollments (child_id, start_year, end_year) values (62, 2021, 2024);
insert into enrollments (child_id, start_year, end_year) values (63, 2020, 2023);
insert into enrollments (child_id, start_year, end_year) values (64, 2020, 2023);
insert into enrollments (child_id, start_year, end_year) values (65, 2019, 2022);
insert into enrollments (child_id, start_year, end_year) values (66, 2022, 2025);
insert into enrollments (child_id, start_year, end_year) values (67, 2022, 2025);
insert into enrollments (child_id, start_year, end_year) values (68, 2022, 2025);
insert into enrollments (child_id, start_year, end_year) values (69, 2021, 2024);
insert into enrollments (child_id, start_year, end_year) values (70, 2022, 2025);
insert into enrollments (child_id, start_year, end_year) values (71, 2021, 2024);
insert into enrollments (child_id, start_year, end_year) values (72, 2022, 2025);
insert into enrollments (child_id, start_year, end_year) values (73, 2021, 2024);
insert into enrollments (child_id, start_year, end_year) values (74, 2020, 2023);
insert into enrollments (child_id, start_year, end_year) values (75, 2020, 2023);
insert into enrollments (child_id, start_year, end_year) values (76, 2022, 2025);
insert into enrollments (child_id, start_year, end_year) values (77, 2021, 2024);
insert into enrollments (child_id, start_year, end_year) values (78, 2019, 2022);
insert into enrollments (child_id, start_year, end_year) values (79, 2020, 2023);
insert into enrollments (child_id, start_year, end_year) values (80, 2021, 2024);

create table parents (
	parent_id INT AUTO_INCREMENT,
	first_name VARCHAR(50),
	last_name VARCHAR(50),
	phone VARCHAR(50),
	PRIMARY KEY(parent_id)
);
insert into parents (parent_id, first_name, last_name, phone) values (1, 'Tomlin', 'Shakspeare', '+45-71094611');
insert into parents (parent_id, first_name, last_name, phone) values (2, 'Latisha', 'Batrip', '+45-05613593');
insert into parents (parent_id, first_name, last_name, phone) values (3, 'Holly', 'Suche', '+45-07555480');
insert into parents (parent_id, first_name, last_name, phone) values (4, 'Patty', 'Toland', '+45-03495077');
insert into parents (parent_id, first_name, last_name, phone) values (5, 'Stefan', 'Vynehall', '+45-07501983');
insert into parents (parent_id, first_name, last_name, phone) values (6, 'Cass', 'Anniwell', '+45-73077617');
insert into parents (parent_id, first_name, last_name, phone) values (7, 'Weidar', 'Naismith', '+45-96578836');
insert into parents (parent_id, first_name, last_name, phone) values (8, 'Torry', 'Orto', '+45-92103237');
insert into parents (parent_id, first_name, last_name, phone) values (9, 'Christalle', 'Galway', '+45-14599602');
insert into parents (parent_id, first_name, last_name, phone) values (10, 'Kit', 'Skinley', '+45-54420948');
insert into parents (parent_id, first_name, last_name, phone) values (11, 'Valentino', 'Willshaw', '+45-83601948');
insert into parents (parent_id, first_name, last_name, phone) values (12, 'Tiphany', 'Shillam', '+45-40713944');
insert into parents (parent_id, first_name, last_name, phone) values (13, 'Madalyn', 'Ormerod', '+45-97227557');
insert into parents (parent_id, first_name, last_name, phone) values (14, 'Lonee', 'Fudge', '+45-22404895');
insert into parents (parent_id, first_name, last_name, phone) values (15, 'Dorelle', 'Hartopp', '+45-27095875');
insert into parents (parent_id, first_name, last_name, phone) values (16, 'Antonino', 'Duke', '+45-64857388');
insert into parents (parent_id, first_name, last_name, phone) values (17, 'Lenna', 'Blakeston', '+45-73565854');
insert into parents (parent_id, first_name, last_name, phone) values (18, 'Olivero', 'Galfour', '+45-34317029');
insert into parents (parent_id, first_name, last_name, phone) values (19, 'Agata', 'Gress', '+45-85536726');
insert into parents (parent_id, first_name, last_name, phone) values (20, 'Correna', 'Howieson', '+45-59890369');
insert into parents (parent_id, first_name, last_name, phone) values (21, 'Jillie', 'Jaquin', '+45-79840666');
insert into parents (parent_id, first_name, last_name, phone) values (22, 'Darya', 'Wheatman', '+45-45277811');
insert into parents (parent_id, first_name, last_name, phone) values (23, 'Bibi', 'Denkin', '+45-36612829');
insert into parents (parent_id, first_name, last_name, phone) values (24, 'Aldon', 'Whitrod', '+45-09745410');
insert into parents (parent_id, first_name, last_name, phone) values (25, 'Zebulon', 'MacGall', '+45-62384317');
insert into parents (parent_id, first_name, last_name, phone) values (26, 'Penny', 'Letixier', '+45-18183614');
insert into parents (parent_id, first_name, last_name, phone) values (27, 'Dael', 'Huxstep', '+45-74538629');
insert into parents (parent_id, first_name, last_name, phone) values (28, 'Nappie', 'Thoday', '+45-59907182');
insert into parents (parent_id, first_name, last_name, phone) values (29, 'Marguerite', 'Winchcomb', '+45-90762525');
insert into parents (parent_id, first_name, last_name, phone) values (30, 'Thedrick', 'Darbey', '+45-44652527');
insert into parents (parent_id, first_name, last_name, phone) values (31, 'Pepi', 'Greenin', '+45-26173229');
insert into parents (parent_id, first_name, last_name, phone) values (32, 'Letisha', 'Harriday', '+45-59985401');
insert into parents (parent_id, first_name, last_name, phone) values (33, 'Timotheus', 'Unwin', '+45-68339999');
insert into parents (parent_id, first_name, last_name, phone) values (34, 'Eilis', 'Trew', '+45-69889012');
insert into parents (parent_id, first_name, last_name, phone) values (35, 'Andriette', 'Curtiss', '+45-00209446');
insert into parents (parent_id, first_name, last_name, phone) values (36, 'Letitia', 'Peatt', '+45-10101238');
insert into parents (parent_id, first_name, last_name, phone) values (37, 'Adelind', 'Larn', '+45-34779933');
insert into parents (parent_id, first_name, last_name, phone) values (38, 'Olivie', 'Tine', '+45-98958807');
insert into parents (parent_id, first_name, last_name, phone) values (39, 'Aylmar', 'Slessar', '+45-27576169');
insert into parents (parent_id, first_name, last_name, phone) values (40, 'Leanna', 'Skeats', '+45-73860845');
insert into parents (parent_id, first_name, last_name, phone) values (41, 'Thaine', 'Woloschinski', '+45-26551944');
insert into parents (parent_id, first_name, last_name, phone) values (42, 'Oliviero', 'McQuillin', '+45-55247841');
insert into parents (parent_id, first_name, last_name, phone) values (43, 'Dacie', 'Hails', '+45-66998948');
insert into parents (parent_id, first_name, last_name, phone) values (44, 'Chen', 'Colvill', '+45-70291172');
insert into parents (parent_id, first_name, last_name, phone) values (45, 'Gilberto', 'Ioannou', '+45-72498876');
insert into parents (parent_id, first_name, last_name, phone) values (46, 'Cleveland', 'Kelcher', '+45-49276935');
insert into parents (parent_id, first_name, last_name, phone) values (47, 'Vittoria', 'Sidery', '+45-74176015');
insert into parents (parent_id, first_name, last_name, phone) values (48, 'Patrice', 'Gommery', '+45-70213011');
insert into parents (parent_id, first_name, last_name, phone) values (49, 'Allianora', 'Seabright', '+45-68420014');
insert into parents (parent_id, first_name, last_name, phone) values (50, 'Andrei', 'Bere', '+45-93731568');
insert into parents (parent_id, first_name, last_name, phone) values (51, 'Kahaleel', 'Dabney', '+45-45430781');
insert into parents (parent_id, first_name, last_name, phone) values (52, 'Allister', 'Chance', '+45-31840798');
insert into parents (parent_id, first_name, last_name, phone) values (53, 'Franciska', 'Renihan', '+45-89457845');
insert into parents (parent_id, first_name, last_name, phone) values (54, 'Kristoffer', 'Kille', '+45-93314616');
insert into parents (parent_id, first_name, last_name, phone) values (55, 'Paola', 'Beeres', '+45-71748823');
insert into parents (parent_id, first_name, last_name, phone) values (56, 'Anatollo', 'Bowskill', '+45-57917538');
insert into parents (parent_id, first_name, last_name, phone) values (57, 'Arluene', 'Weatherburn', '+45-38133823');
insert into parents (parent_id, first_name, last_name, phone) values (58, 'Martguerita', 'Pidwell', '+45-82396535');
insert into parents (parent_id, first_name, last_name, phone) values (59, 'Marsha', 'Clues', '+45-23104946');
insert into parents (parent_id, first_name, last_name, phone) values (60, 'Hubie', 'Dew', '+45-68149569');
insert into parents (parent_id, first_name, last_name, phone) values (61, 'Sheelagh', 'Corbally', '+45-71847532');
insert into parents (parent_id, first_name, last_name, phone) values (62, 'Montgomery', 'Fetherby', '+45-95175517');
insert into parents (parent_id, first_name, last_name, phone) values (63, 'Theodora', 'Grandham', '+45-30860313');
insert into parents (parent_id, first_name, last_name, phone) values (64, 'Lettie', 'O''Dyvoy', '+45-73479637');
insert into parents (parent_id, first_name, last_name, phone) values (65, 'Tally', 'Orr', '+45-44057049');
insert into parents (parent_id, first_name, last_name, phone) values (66, 'Carilyn', 'Schneidar', '+45-94970336');
insert into parents (parent_id, first_name, last_name, phone) values (67, 'Kimberli', 'Ollerenshaw', '+45-96013601');
insert into parents (parent_id, first_name, last_name, phone) values (68, 'Sonya', 'Aves', '+45-52269956');
insert into parents (parent_id, first_name, last_name, phone) values (69, 'Leda', 'D''Alwis', '+45-05198749');
insert into parents (parent_id, first_name, last_name, phone) values (70, 'Cindee', 'Windrus', '+45-45261764');
insert into parents (parent_id, first_name, last_name, phone) values (71, 'Georgetta', 'Cruttenden', '+45-36274044');
insert into parents (parent_id, first_name, last_name, phone) values (72, 'Anastasie', 'Creeboe', '+45-27328712');
insert into parents (parent_id, first_name, last_name, phone) values (73, 'Pearl', 'Valentim', '+45-88081437');
insert into parents (parent_id, first_name, last_name, phone) values (74, 'Shandy', 'Leggon', '+45-71980309');
insert into parents (parent_id, first_name, last_name, phone) values (75, 'Noby', 'Croster', '+45-41260055');
insert into parents (parent_id, first_name, last_name, phone) values (76, 'Patricia', 'Desporte', '+45-08419250');
insert into parents (parent_id, first_name, last_name, phone) values (77, 'Joana', 'Aymes', '+45-94666740');
insert into parents (parent_id, first_name, last_name, phone) values (78, 'Angeline', 'Braune', '+45-36791000');
insert into parents (parent_id, first_name, last_name, phone) values (79, 'Loise', 'Hail', '+45-23494278');
insert into parents (parent_id, first_name, last_name, phone) values (80, 'Heida', 'Longman', '+45-44168927');
insert into parents (parent_id, first_name, last_name, phone) values (81, 'Lindsey', 'Bearn', '+45-02375940');
insert into parents (parent_id, first_name, last_name, phone) values (82, 'Rafe', 'Bake', '+45-57437740');
insert into parents (parent_id, first_name, last_name, phone) values (83, 'Flem', 'Whitewood', '+45-58487037');
insert into parents (parent_id, first_name, last_name, phone) values (84, 'Dov', 'Butterfill', '+45-64714525');
insert into parents (parent_id, first_name, last_name, phone) values (85, 'Prentiss', 'Swafield', '+45-52677178');
insert into parents (parent_id, first_name, last_name, phone) values (86, 'Callida', 'Larkin', '+45-35642065');
insert into parents (parent_id, first_name, last_name, phone) values (87, 'Sloan', 'Bentinck', '+45-03480335');
insert into parents (parent_id, first_name, last_name, phone) values (88, 'Claudetta', 'Zelner', '+45-43624480');
insert into parents (parent_id, first_name, last_name, phone) values (89, 'Trudy', 'Mosen', '+45-24231847');
insert into parents (parent_id, first_name, last_name, phone) values (90, 'Minor', 'Sebrook', '+45-65463171');
insert into parents (parent_id, first_name, last_name, phone) values (91, 'Hashim', 'Wailes', '+45-95636364');
insert into parents (parent_id, first_name, last_name, phone) values (92, 'Angelia', 'Probbing', '+45-23686285');
insert into parents (parent_id, first_name, last_name, phone) values (93, 'Zondra', 'Helsby', '+45-24659356');
insert into parents (parent_id, first_name, last_name, phone) values (94, 'Arman', 'Donnett', '+45-32523112');
insert into parents (parent_id, first_name, last_name, phone) values (95, 'Erda', 'Larrad', '+45-34844379');
insert into parents (parent_id, first_name, last_name, phone) values (96, 'Shawn', 'Pilley', '+45-17044244');
insert into parents (parent_id, first_name, last_name, phone) values (97, 'Sioux', 'Pimlett', '+45-48271270');
insert into parents (parent_id, first_name, last_name, phone) values (98, 'Violetta', 'Dagnan', '+45-63842620');
insert into parents (parent_id, first_name, last_name, phone) values (99, 'Gill', 'Laycock', '+45-23531586');
insert into parents (parent_id, first_name, last_name, phone) values (100, 'Nicol', 'Clutten', '+45-60153389');
insert into parents (parent_id, first_name, last_name, phone) values (101, 'Annelise', 'Burfoot', '+45-10975676');
insert into parents (parent_id, first_name, last_name, phone) values (102, 'Lianne', 'Bricksey', '+45-42204255');
insert into parents (parent_id, first_name, last_name, phone) values (103, 'Forrester', 'Longland', '+45-44813599');
insert into parents (parent_id, first_name, last_name, phone) values (104, 'Rochella', 'Yakovich', '+45-11983901');
insert into parents (parent_id, first_name, last_name, phone) values (105, 'Robinet', 'Rannald', '+45-83588165');
insert into parents (parent_id, first_name, last_name, phone) values (106, 'Gavin', 'Gonning', '+45-72897910');
insert into parents (parent_id, first_name, last_name, phone) values (107, 'Guthrie', 'Ager', '+45-67991654');
insert into parents (parent_id, first_name, last_name, phone) values (108, 'Cosette', 'Sole', '+45-15288726');
insert into parents (parent_id, first_name, last_name, phone) values (109, 'Giovanna', 'Garter', '+45-31230506');
insert into parents (parent_id, first_name, last_name, phone) values (110, 'Teador', 'Magrannell', '+45-99151503');
insert into parents (parent_id, first_name, last_name, phone) values (111, 'Debora', 'Hogbin', '+45-31263395');
insert into parents (parent_id, first_name, last_name, phone) values (112, 'Bil', 'Picford', '+45-48725134');
insert into parents (parent_id, first_name, last_name, phone) values (113, 'Marney', 'Lorkins', '+45-79303558');
insert into parents (parent_id, first_name, last_name, phone) values (114, 'Albertina', 'Dixey', '+45-02283023');
insert into parents (parent_id, first_name, last_name, phone) values (115, 'Selinda', 'Turford', '+45-35947526');
insert into parents (parent_id, first_name, last_name, phone) values (116, 'Layne', 'Feragh', '+45-28458239');
insert into parents (parent_id, first_name, last_name, phone) values (117, 'Neill', 'Trayling', '+45-58120698');
insert into parents (parent_id, first_name, last_name, phone) values (118, 'Lenci', 'Najera', '+45-80874801');
insert into parents (parent_id, first_name, last_name, phone) values (119, 'Saloma', 'Stopper', '+45-93721398');
insert into parents (parent_id, first_name, last_name, phone) values (120, 'Zelig', 'Woodbridge', '+45-00228590');
insert into parents (parent_id, first_name, last_name, phone) values (121, 'Phoebe', 'Armitage', '+45-66913150');
insert into parents (parent_id, first_name, last_name, phone) values (122, 'Carlos', 'Keat', '+45-15115197');
insert into parents (parent_id, first_name, last_name, phone) values (123, 'Nevins', 'Bradtke', '+45-81846194');
insert into parents (parent_id, first_name, last_name, phone) values (124, 'Shep', 'Vignaux', '+45-20406764');
insert into parents (parent_id, first_name, last_name, phone) values (125, 'Patsy', 'Denning', '+45-71710786');
insert into parents (parent_id, first_name, last_name, phone) values (126, 'Ancell', 'Griswaite', '+45-03389551');
insert into parents (parent_id, first_name, last_name, phone) values (127, 'Tracie', 'Mulvaney', '+45-31043110');
insert into parents (parent_id, first_name, last_name, phone) values (128, 'Nessa', 'Burne', '+45-34776093');
insert into parents (parent_id, first_name, last_name, phone) values (129, 'Moll', 'Verryan', '+45-25620467');
insert into parents (parent_id, first_name, last_name, phone) values (130, 'Neall', 'Tristram', '+45-28891443');
insert into parents (parent_id, first_name, last_name, phone) values (131, 'Ingamar', 'Covolini', '+45-13488397');
insert into parents (parent_id, first_name, last_name, phone) values (132, 'Nikaniki', 'Rohan', '+45-42380839');
insert into parents (parent_id, first_name, last_name, phone) values (133, 'Ceil', 'Di Domenico', '+45-21328304');
insert into parents (parent_id, first_name, last_name, phone) values (134, 'Laverna', 'Davidov', '+45-06033589');
insert into parents (parent_id, first_name, last_name, phone) values (135, 'Teddy', 'Simmens', '+45-31497645');
insert into parents (parent_id, first_name, last_name, phone) values (136, 'Brandy', 'Tidey', '+45-78623510');
insert into parents (parent_id, first_name, last_name, phone) values (137, 'Boone', 'Espine', '+45-37522604');
insert into parents (parent_id, first_name, last_name, phone) values (138, 'Monika', 'Nowakowski', '+45-63671791');
insert into parents (parent_id, first_name, last_name, phone) values (139, 'Justina', 'Canby', '+45-15032999');
insert into parents (parent_id, first_name, last_name, phone) values (140, 'Pernell', 'Voce', '+45-87549916');
insert into parents (parent_id, first_name, last_name, phone) values (141, 'Ethelbert', 'Broke', '+45-62341206');
insert into parents (parent_id, first_name, last_name, phone) values (142, 'Siward', 'Pharaoh', '+45-81792781');
insert into parents (parent_id, first_name, last_name, phone) values (143, 'Pepillo', 'Ennor', '+45-31714589');
insert into parents (parent_id, first_name, last_name, phone) values (144, 'Fidela', 'Tattersill', '+45-13108303');
insert into parents (parent_id, first_name, last_name, phone) values (145, 'Tudor', 'Boosey', '+45-04472651');
insert into parents (parent_id, first_name, last_name, phone) values (146, 'Lauri', 'Bernhardsson', '+45-26196238');
insert into parents (parent_id, first_name, last_name, phone) values (147, 'Graig', 'Pietrowski', '+45-68435577');
insert into parents (parent_id, first_name, last_name, phone) values (148, 'Mitchael', 'Shilling', '+45-30841309');
insert into parents (parent_id, first_name, last_name, phone) values (149, 'Toby', 'Sutterfield', '+45-43524645');
insert into parents (parent_id, first_name, last_name, phone) values (150, 'Ralph', 'Duckworth', '+45-36739724');
insert into parents (parent_id, first_name, last_name, phone) values (151, 'Orton', 'Belchambers', '+45-77402172');
insert into parents (parent_id, first_name, last_name, phone) values (152, 'Guinna', 'Nicklen', '+45-29684147');
insert into parents (parent_id, first_name, last_name, phone) values (153, 'Wain', 'Staden', '+45-33738400');
insert into parents (parent_id, first_name, last_name, phone) values (154, 'Esma', 'Padbury', '+45-43165715');
insert into parents (parent_id, first_name, last_name, phone) values (155, 'Correy', 'Longcake', '+45-36641480');
insert into parents (parent_id, first_name, last_name, phone) values (156, 'Randall', 'Mate', '+45-15811047');
insert into parents (parent_id, first_name, last_name, phone) values (157, 'Jobi', 'Avramchik', '+45-82445789');
insert into parents (parent_id, first_name, last_name, phone) values (158, 'Jelene', 'Canon', '+45-44467379');
insert into parents (parent_id, first_name, last_name, phone) values (159, 'Adriane', 'Fahrenbach', '+45-14439533');
insert into parents (parent_id, first_name, last_name, phone) values (160, 'Shayne', 'Hernik', '+45-29583883');
insert into parents (parent_id, first_name, last_name, phone) values (161, 'Annabela', 'Kleinhaut', '+45-04998847');
insert into parents (parent_id, first_name, last_name, phone) values (162, 'Chiquia', 'Rudkin', '+45-72758617');
insert into parents (parent_id, first_name, last_name, phone) values (163, 'Dulci', 'Gidman', '+45-89623012');
insert into parents (parent_id, first_name, last_name, phone) values (164, 'Silvain', 'Malim', '+45-75815281');
insert into parents (parent_id, first_name, last_name, phone) values (165, 'Adolpho', 'Bifield', '+45-57863834');
insert into parents (parent_id, first_name, last_name, phone) values (166, 'Hugues', 'Stenbridge', '+45-75798739');
insert into parents (parent_id, first_name, last_name, phone) values (167, 'Ambros', 'Holstein', '+45-34578473');
insert into parents (parent_id, first_name, last_name, phone) values (168, 'Bren', 'Jolliffe', '+45-91058407');
insert into parents (parent_id, first_name, last_name, phone) values (169, 'Georgeta', 'Barnardo', '+45-53242027');
insert into parents (parent_id, first_name, last_name, phone) values (170, 'Waylon', 'Hembling', '+45-07118302');
insert into parents (parent_id, first_name, last_name, phone) values (171, 'Birch', 'Strugnell', '+45-52539996');
insert into parents (parent_id, first_name, last_name, phone) values (172, 'Katheryn', 'Tullett', '+45-86564151');
insert into parents (parent_id, first_name, last_name, phone) values (173, 'Rosmunda', 'Reyburn', '+45-94706183');
insert into parents (parent_id, first_name, last_name, phone) values (174, 'Blanch', 'Beazer', '+45-69620773');
insert into parents (parent_id, first_name, last_name, phone) values (175, 'Lianna', 'Aspinell', '+45-00714387');
insert into parents (parent_id, first_name, last_name, phone) values (176, 'Margi', 'Frisdick', '+45-29547597');
insert into parents (parent_id, first_name, last_name, phone) values (177, 'Celestyna', 'Kyttor', '+45-14814110');
insert into parents (parent_id, first_name, last_name, phone) values (178, 'Estrellita', 'Sidgwick', '+45-32092970');
insert into parents (parent_id, first_name, last_name, phone) values (179, 'Viv', 'Bennedick', '+45-08002779');
insert into parents (parent_id, first_name, last_name, phone) values (180, 'Trixi', 'Peaddie', '+45-01370460');
insert into parents (parent_id, first_name, last_name, phone) values (181, 'Whitaker', 'Senescall', '+45-02310703');
insert into parents (parent_id, first_name, last_name, phone) values (182, 'Neils', 'Bowles', '+45-66282590');
insert into parents (parent_id, first_name, last_name, phone) values (183, 'Maxine', 'Osban', '+45-02972005');
insert into parents (parent_id, first_name, last_name, phone) values (184, 'Ezra', 'Stoile', '+45-90646279');
insert into parents (parent_id, first_name, last_name, phone) values (185, 'Pandora', 'Wicklin', '+45-88242855');
insert into parents (parent_id, first_name, last_name, phone) values (186, 'Althea', 'Jakubovicz', '+45-75868890');
insert into parents (parent_id, first_name, last_name, phone) values (187, 'Noll', 'Burgis', '+45-59623684');
insert into parents (parent_id, first_name, last_name, phone) values (188, 'Carol', 'Pietrzyk', '+45-79605484');
insert into parents (parent_id, first_name, last_name, phone) values (189, 'Ragnar', 'Colrein', '+45-77515361');
insert into parents (parent_id, first_name, last_name, phone) values (190, 'Herbert', 'Bucksey', '+45-35068887');
insert into parents (parent_id, first_name, last_name, phone) values (191, 'Nanine', 'Strass', '+45-87755114');
insert into parents (parent_id, first_name, last_name, phone) values (192, 'Lynelle', 'Pinckstone', '+45-17460191');
insert into parents (parent_id, first_name, last_name, phone) values (193, 'Marie-ann', 'Whitear', '+45-07024347');
insert into parents (parent_id, first_name, last_name, phone) values (194, 'Haily', 'Fleg', '+45-36053041');
insert into parents (parent_id, first_name, last_name, phone) values (195, 'Sol', 'Lawrenz', '+45-66691517');
insert into parents (parent_id, first_name, last_name, phone) values (196, 'Lorin', 'Hamblington', '+45-21405161');
insert into parents (parent_id, first_name, last_name, phone) values (197, 'Chaddy', 'Abriani', '+45-65852487');
insert into parents (parent_id, first_name, last_name, phone) values (198, 'Alick', 'Flucks', '+45-06664343');
insert into parents (parent_id, first_name, last_name, phone) values (199, 'Mildrid', 'Francillo', '+45-81734345');
insert into parents (parent_id, first_name, last_name, phone) values (200, 'Esteban', 'Paddison', '+45-20303800');

create table relations (
	parent_id INT,
	child_id INT,
	PRIMARY KEY(parent_id, child_id)
);
insert into relations (parent_id, child_id) values (1, 1);
insert into relations (parent_id, child_id) values (2, 2);
insert into relations (parent_id, child_id) values (3, 3);
insert into relations (parent_id, child_id) values (4, 4);
insert into relations (parent_id, child_id) values (5, 5);
insert into relations (parent_id, child_id) values (6, 6);
insert into relations (parent_id, child_id) values (7, 7);
insert into relations (parent_id, child_id) values (8, 8);
insert into relations (parent_id, child_id) values (9, 9);
insert into relations (parent_id, child_id) values (10, 10);
insert into relations (parent_id, child_id) values (11, 11);
insert into relations (parent_id, child_id) values (12, 12);
insert into relations (parent_id, child_id) values (13, 13);
insert into relations (parent_id, child_id) values (14, 14);
insert into relations (parent_id, child_id) values (15, 15);
insert into relations (parent_id, child_id) values (16, 16);
insert into relations (parent_id, child_id) values (17, 17);
insert into relations (parent_id, child_id) values (18, 18);
insert into relations (parent_id, child_id) values (19, 19);
insert into relations (parent_id, child_id) values (20, 20);
insert into relations (parent_id, child_id) values (21, 21);
insert into relations (parent_id, child_id) values (22, 22);
insert into relations (parent_id, child_id) values (23, 23);
insert into relations (parent_id, child_id) values (24, 24);
insert into relations (parent_id, child_id) values (25, 25);
insert into relations (parent_id, child_id) values (26, 26);
insert into relations (parent_id, child_id) values (27, 27);
insert into relations (parent_id, child_id) values (28, 28);
insert into relations (parent_id, child_id) values (29, 29);
insert into relations (parent_id, child_id) values (30, 30);
insert into relations (parent_id, child_id) values (31, 31);
insert into relations (parent_id, child_id) values (32, 32);
insert into relations (parent_id, child_id) values (33, 33);
insert into relations (parent_id, child_id) values (34, 34);
insert into relations (parent_id, child_id) values (35, 35);
insert into relations (parent_id, child_id) values (36, 36);
insert into relations (parent_id, child_id) values (37, 37);
insert into relations (parent_id, child_id) values (38, 38);
insert into relations (parent_id, child_id) values (39, 39);
insert into relations (parent_id, child_id) values (40, 40);
insert into relations (parent_id, child_id) values (41, 41);
insert into relations (parent_id, child_id) values (42, 42);
insert into relations (parent_id, child_id) values (43, 43);
insert into relations (parent_id, child_id) values (44, 44);
insert into relations (parent_id, child_id) values (45, 45);
insert into relations (parent_id, child_id) values (46, 46);
insert into relations (parent_id, child_id) values (47, 47);
insert into relations (parent_id, child_id) values (48, 48);
insert into relations (parent_id, child_id) values (49, 49);
insert into relations (parent_id, child_id) values (50, 50);
insert into relations (parent_id, child_id) values (51, 51);
insert into relations (parent_id, child_id) values (52, 52);
insert into relations (parent_id, child_id) values (53, 53);
insert into relations (parent_id, child_id) values (54, 54);
insert into relations (parent_id, child_id) values (55, 55);
insert into relations (parent_id, child_id) values (56, 56);
insert into relations (parent_id, child_id) values (57, 57);
insert into relations (parent_id, child_id) values (58, 58);
insert into relations (parent_id, child_id) values (59, 59);
insert into relations (parent_id, child_id) values (60, 60);
insert into relations (parent_id, child_id) values (61, 61);
insert into relations (parent_id, child_id) values (62, 62);
insert into relations (parent_id, child_id) values (63, 63);
insert into relations (parent_id, child_id) values (64, 64);
insert into relations (parent_id, child_id) values (65, 65);
insert into relations (parent_id, child_id) values (66, 66);
insert into relations (parent_id, child_id) values (67, 67);
insert into relations (parent_id, child_id) values (68, 68);
insert into relations (parent_id, child_id) values (69, 69);
insert into relations (parent_id, child_id) values (70, 70);
insert into relations (parent_id, child_id) values (71, 71);
insert into relations (parent_id, child_id) values (72, 72);
insert into relations (parent_id, child_id) values (73, 73);
insert into relations (parent_id, child_id) values (74, 74);
insert into relations (parent_id, child_id) values (75, 75);
insert into relations (parent_id, child_id) values (76, 76);
insert into relations (parent_id, child_id) values (77, 77);
insert into relations (parent_id, child_id) values (78, 78);
insert into relations (parent_id, child_id) values (79, 79);
insert into relations (parent_id, child_id) values (80, 80);
insert into relations (parent_id, child_id) values (81, 81);
insert into relations (parent_id, child_id) values (82, 82);
insert into relations (parent_id, child_id) values (83, 83);
insert into relations (parent_id, child_id) values (84, 84);
insert into relations (parent_id, child_id) values (85, 85);
insert into relations (parent_id, child_id) values (86, 86);
insert into relations (parent_id, child_id) values (87, 87);
insert into relations (parent_id, child_id) values (88, 88);
insert into relations (parent_id, child_id) values (89, 89);
insert into relations (parent_id, child_id) values (90, 90);
insert into relations (parent_id, child_id) values (91, 91);
insert into relations (parent_id, child_id) values (92, 92);
insert into relations (parent_id, child_id) values (93, 93);
insert into relations (parent_id, child_id) values (94, 94);
insert into relations (parent_id, child_id) values (95, 95);
insert into relations (parent_id, child_id) values (96, 96);
insert into relations (parent_id, child_id) values (97, 97);
insert into relations (parent_id, child_id) values (98, 98);
insert into relations (parent_id, child_id) values (99, 99);
insert into relations (parent_id, child_id) values (100, 100);
insert into relations (parent_id, child_id) values (101, 1);
insert into relations (parent_id, child_id) values (102, 2);
insert into relations (parent_id, child_id) values (103, 3);
insert into relations (parent_id, child_id) values (104, 4);
insert into relations (parent_id, child_id) values (105, 5);
insert into relations (parent_id, child_id) values (106, 6);
insert into relations (parent_id, child_id) values (107, 7);
insert into relations (parent_id, child_id) values (108, 8);
insert into relations (parent_id, child_id) values (109, 9);
insert into relations (parent_id, child_id) values (110, 10);
insert into relations (parent_id, child_id) values (111, 11);
insert into relations (parent_id, child_id) values (112, 12);
insert into relations (parent_id, child_id) values (113, 13);
insert into relations (parent_id, child_id) values (114, 14);
insert into relations (parent_id, child_id) values (115, 15);
insert into relations (parent_id, child_id) values (116, 16);
insert into relations (parent_id, child_id) values (117, 17);
insert into relations (parent_id, child_id) values (118, 18);
insert into relations (parent_id, child_id) values (119, 19);
insert into relations (parent_id, child_id) values (120, 20);
insert into relations (parent_id, child_id) values (121, 21);
insert into relations (parent_id, child_id) values (122, 22);
insert into relations (parent_id, child_id) values (123, 23);
insert into relations (parent_id, child_id) values (124, 24);
insert into relations (parent_id, child_id) values (125, 25);
insert into relations (parent_id, child_id) values (126, 26);
insert into relations (parent_id, child_id) values (127, 27);
insert into relations (parent_id, child_id) values (128, 28);
insert into relations (parent_id, child_id) values (129, 29);
insert into relations (parent_id, child_id) values (130, 30);
insert into relations (parent_id, child_id) values (131, 31);
insert into relations (parent_id, child_id) values (132, 32);
insert into relations (parent_id, child_id) values (133, 33);
insert into relations (parent_id, child_id) values (134, 34);
insert into relations (parent_id, child_id) values (135, 35);
insert into relations (parent_id, child_id) values (136, 36);
insert into relations (parent_id, child_id) values (137, 37);
insert into relations (parent_id, child_id) values (138, 38);
insert into relations (parent_id, child_id) values (139, 39);
insert into relations (parent_id, child_id) values (140, 40);
insert into relations (parent_id, child_id) values (141, 41);
insert into relations (parent_id, child_id) values (142, 42);
insert into relations (parent_id, child_id) values (143, 43);
insert into relations (parent_id, child_id) values (144, 44);
insert into relations (parent_id, child_id) values (145, 45);
insert into relations (parent_id, child_id) values (146, 46);
insert into relations (parent_id, child_id) values (147, 47);
insert into relations (parent_id, child_id) values (148, 48);
insert into relations (parent_id, child_id) values (149, 49);
insert into relations (parent_id, child_id) values (150, 50);
insert into relations (parent_id, child_id) values (151, 51);
insert into relations (parent_id, child_id) values (152, 52);
insert into relations (parent_id, child_id) values (153, 53);
insert into relations (parent_id, child_id) values (154, 54);
insert into relations (parent_id, child_id) values (155, 55);
insert into relations (parent_id, child_id) values (156, 56);
insert into relations (parent_id, child_id) values (157, 57);
insert into relations (parent_id, child_id) values (158, 58);
insert into relations (parent_id, child_id) values (159, 59);
insert into relations (parent_id, child_id) values (160, 60);
insert into relations (parent_id, child_id) values (161, 61);
insert into relations (parent_id, child_id) values (162, 62);
insert into relations (parent_id, child_id) values (163, 63);
insert into relations (parent_id, child_id) values (164, 64);
insert into relations (parent_id, child_id) values (165, 65);
insert into relations (parent_id, child_id) values (166, 66);
insert into relations (parent_id, child_id) values (167, 67);
insert into relations (parent_id, child_id) values (168, 68);
insert into relations (parent_id, child_id) values (169, 69);
insert into relations (parent_id, child_id) values (170, 70);
insert into relations (parent_id, child_id) values (171, 71);
insert into relations (parent_id, child_id) values (172, 72);
insert into relations (parent_id, child_id) values (173, 73);
insert into relations (parent_id, child_id) values (174, 74);
insert into relations (parent_id, child_id) values (175, 75);
insert into relations (parent_id, child_id) values (176, 76);
insert into relations (parent_id, child_id) values (177, 77);
insert into relations (parent_id, child_id) values (178, 78);
insert into relations (parent_id, child_id) values (179, 79);
insert into relations (parent_id, child_id) values (180, 80);
insert into relations (parent_id, child_id) values (181, 81);
insert into relations (parent_id, child_id) values (182, 82);
insert into relations (parent_id, child_id) values (183, 83);
insert into relations (parent_id, child_id) values (184, 84);
insert into relations (parent_id, child_id) values (185, 85);
insert into relations (parent_id, child_id) values (186, 86);
insert into relations (parent_id, child_id) values (187, 87);
insert into relations (parent_id, child_id) values (188, 88);
insert into relations (parent_id, child_id) values (189, 89);
insert into relations (parent_id, child_id) values (190, 90);
insert into relations (parent_id, child_id) values (191, 91);
insert into relations (parent_id, child_id) values (192, 92);
insert into relations (parent_id, child_id) values (193, 93);
insert into relations (parent_id, child_id) values (194, 94);
insert into relations (parent_id, child_id) values (195, 95);
insert into relations (parent_id, child_id) values (196, 96);
insert into relations (parent_id, child_id) values (197, 97);
insert into relations (parent_id, child_id) values (198, 98);
insert into relations (parent_id, child_id) values (199, 99);
insert into relations (parent_id, child_id) values (200, 100);

create table users (
	user_id INT AUTO_INCREMENT PRIMARY KEY,
	username VARCHAR(50),
	password VARCHAR(50)
);
insert into users (user_id, username, password) values (1, 'rmcalester0', 'twQJMIQv');
insert into users (user_id, username, password) values (2, 'akorn1', 'Ajbcbda3NlV');
insert into users (user_id, username, password) values (3, 'bbithany2', 'fAn9Cw7RXNV');
insert into users (user_id, username, password) values (4, 'ltyers3', 'rfnkXGF7');
insert into users (user_id, username, password) values (5, 'cbroadist4', 'RGtpD1GzLZF');
insert into users (user_id, username, password) values (6, 'ckern5', '2rGOY6rLOZ');
insert into users (user_id, username, password) values (7, 'otrotter6', '0ozcT54V');
insert into users (user_id, username, password) values (8, 'gamiss7', 'KS0JzOi');
insert into users (user_id, username, password) values (9, 'mguntrip8', 'n1AaYoH');
insert into users (user_id, username, password) values (10, 'onorthleigh9', 'S2S44FXh14');
insert into users (user_id, username, password) values (11, 'jlagdena', 'qNVmarS8');
insert into users (user_id, username, password) values (12, 'achicottib', 'QszV0D46GGU');
insert into users (user_id, username, password) values (13, 'gbremmerc', 'cbZSiIHZ');
insert into users (user_id, username, password) values (14, 'admin', 'admin');

create table waiting_list (
	waiting_order_id INT AUTO_INCREMENT,
	child_id INT,
	PRIMARY KEY(waiting_order_id),
	FOREIGN KEY(child_id) REFERENCES children(child_id)
);
insert into waiting_list (waiting_order_id, child_id) values (1, 81);
insert into waiting_list (waiting_order_id, child_id) values (2, 82);
insert into waiting_list (waiting_order_id, child_id) values (3, 83);
insert into waiting_list (waiting_order_id, child_id) values (4, 84);
insert into waiting_list (waiting_order_id, child_id) values (5, 85);
insert into waiting_list (waiting_order_id, child_id) values (6, 86);
insert into waiting_list (waiting_order_id, child_id) values (7, 87);
insert into waiting_list (waiting_order_id, child_id) values (8, 88);
insert into waiting_list (waiting_order_id, child_id) values (9, 89);
insert into waiting_list (waiting_order_id, child_id) values (10, 90);
insert into waiting_list (waiting_order_id, child_id) values (11, 91);
insert into waiting_list (waiting_order_id, child_id) values (12, 92);
insert into waiting_list (waiting_order_id, child_id) values (13, 93);
insert into waiting_list (waiting_order_id, child_id) values (14, 94);
insert into waiting_list (waiting_order_id, child_id) values (15, 95);
insert into waiting_list (waiting_order_id, child_id) values (16, 96);
insert into waiting_list (waiting_order_id, child_id) values (17, 97);
insert into waiting_list (waiting_order_id, child_id) values (18, 98);
insert into waiting_list (waiting_order_id, child_id) values (19, 99);
insert into waiting_list (waiting_order_id, child_id) values (20, 100);

create table work_schedule (
	work_schedule_id INT AUTO_INCREMENT PRIMARY KEY,
	ferie_day DATE
);
insert into work_schedule (work_schedule_id, ferie_day) values (1, '2022/08/16');
insert into work_schedule (work_schedule_id, ferie_day) values (2, '2022/04/02');
insert into work_schedule (work_schedule_id, ferie_day) values (3, '2022/04/30');
insert into work_schedule (work_schedule_id, ferie_day) values (4, '2022/06/14');
insert into work_schedule (work_schedule_id, ferie_day) values (5, '2022/03/24');
insert into work_schedule (work_schedule_id, ferie_day) values (6, '2022/12/01');
insert into work_schedule (work_schedule_id, ferie_day) values (7, '2022/02/25');
insert into work_schedule (work_schedule_id, ferie_day) values (8, '2022/12/28');
insert into work_schedule (work_schedule_id, ferie_day) values (9, '2022/06/13');
insert into work_schedule (work_schedule_id, ferie_day) values (10, '2022/06/03');
insert into work_schedule (work_schedule_id, ferie_day) values (11, '2022/11/27');
insert into work_schedule (work_schedule_id, ferie_day) values (12, '2022/06/20');
insert into work_schedule (work_schedule_id, ferie_day) values (13, '2022/11/22');
insert into work_schedule (work_schedule_id, ferie_day) values (14, '2022/08/27');
insert into work_schedule (work_schedule_id, ferie_day) values (15, '2022/11/11');
insert into work_schedule (work_schedule_id, ferie_day) values (16, '2022/09/22');
insert into work_schedule (work_schedule_id, ferie_day) values (17, '2022/05/04');
insert into work_schedule (work_schedule_id, ferie_day) values (18, '2022/04/23');
insert into work_schedule (work_schedule_id, ferie_day) values (19, '2022/04/27');
insert into work_schedule (work_schedule_id, ferie_day) values (20, '2022/06/15');
insert into work_schedule (work_schedule_id, ferie_day) values (21, '2022/02/24');
insert into work_schedule (work_schedule_id, ferie_day) values (22, '2022/03/01');
insert into work_schedule (work_schedule_id, ferie_day) values (23, '2022/05/14');
insert into work_schedule (work_schedule_id, ferie_day) values (24, '2022/11/10');
insert into work_schedule (work_schedule_id, ferie_day) values (25, '2022/01/08');
insert into work_schedule (work_schedule_id, ferie_day) values (26, '2022/05/12');
insert into work_schedule (work_schedule_id, ferie_day) values (27, '2022/10/08');
insert into work_schedule (work_schedule_id, ferie_day) values (28, '2022/12/19');
insert into work_schedule (work_schedule_id, ferie_day) values (29, '2022/02/15');
insert into work_schedule (work_schedule_id, ferie_day) values (30, '2022/10/20');
insert into work_schedule (work_schedule_id, ferie_day) values (31, '2022/10/04');
insert into work_schedule (work_schedule_id, ferie_day) values (32, '2022/08/07');
insert into work_schedule (work_schedule_id, ferie_day) values (33, '2022/09/27');
insert into work_schedule (work_schedule_id, ferie_day) values (34, '2022/12/18');
insert into work_schedule (work_schedule_id, ferie_day) values (35, '2022/08/17');
insert into work_schedule (work_schedule_id, ferie_day) values (36, '2022/01/17');
insert into work_schedule (work_schedule_id, ferie_day) values (37, '2022/10/05');
insert into work_schedule (work_schedule_id, ferie_day) values (38, '2022/06/22');
insert into work_schedule (work_schedule_id, ferie_day) values (39, '2022/05/26');
insert into work_schedule (work_schedule_id, ferie_day) values (40, '2022/01/17');
insert into work_schedule (work_schedule_id, ferie_day) values (41, '2022/02/27');
insert into work_schedule (work_schedule_id, ferie_day) values (42, '2022/10/20');
insert into work_schedule (work_schedule_id, ferie_day) values (43, '2022/05/24');
insert into work_schedule (work_schedule_id, ferie_day) values (44, '2022/09/24');
insert into work_schedule (work_schedule_id, ferie_day) values (45, '2022/08/27');
insert into work_schedule (work_schedule_id, ferie_day) values (46, '2022/09/07');
insert into work_schedule (work_schedule_id, ferie_day) values (47, '2022/03/07');
insert into work_schedule (work_schedule_id, ferie_day) values (48, '2022/08/01');
insert into work_schedule (work_schedule_id, ferie_day) values (49, '2022/07/14');
insert into work_schedule (work_schedule_id, ferie_day) values (50, '2022/03/02');
insert into work_schedule (work_schedule_id, ferie_day) values (51, '2022/07/20');
insert into work_schedule (work_schedule_id, ferie_day) values (52, '2022/11/13');
insert into work_schedule (work_schedule_id, ferie_day) values (53, '2022/09/05');
insert into work_schedule (work_schedule_id, ferie_day) values (54, '2022/07/28');
insert into work_schedule (work_schedule_id, ferie_day) values (55, '2022/10/29');
insert into work_schedule (work_schedule_id, ferie_day) values (56, '2022/09/18');
insert into work_schedule (work_schedule_id, ferie_day) values (57, '2022/03/17');
insert into work_schedule (work_schedule_id, ferie_day) values (58, '2022/05/01');
insert into work_schedule (work_schedule_id, ferie_day) values (59, '2022/10/27');
insert into work_schedule (work_schedule_id, ferie_day) values (60, '2022/09/19');
insert into work_schedule (work_schedule_id, ferie_day) values (61, '2022/05/19');
insert into work_schedule (work_schedule_id, ferie_day) values (62, '2022/02/11');
insert into work_schedule (work_schedule_id, ferie_day) values (63, '2022/07/15');
insert into work_schedule (work_schedule_id, ferie_day) values (64, '2022/05/15');
insert into work_schedule (work_schedule_id, ferie_day) values (65, '2022/03/22');
insert into work_schedule (work_schedule_id, ferie_day) values (66, '2022/01/17');
insert into work_schedule (work_schedule_id, ferie_day) values (67, '2022/04/25');
insert into work_schedule (work_schedule_id, ferie_day) values (68, '2022/02/17');
insert into work_schedule (work_schedule_id, ferie_day) values (69, '2022/11/04');
insert into work_schedule (work_schedule_id, ferie_day) values (70, '2022/11/20');
insert into work_schedule (work_schedule_id, ferie_day) values (71, '2022/03/05');
insert into work_schedule (work_schedule_id, ferie_day) values (72, '2022/12/27');
insert into work_schedule (work_schedule_id, ferie_day) values (73, '2022/01/24');
insert into work_schedule (work_schedule_id, ferie_day) values (74, '2022/06/02');
insert into work_schedule (work_schedule_id, ferie_day) values (75, '2022/12/07');
insert into work_schedule (work_schedule_id, ferie_day) values (76, '2022/03/14');
insert into work_schedule (work_schedule_id, ferie_day) values (77, '2022/03/04');
insert into work_schedule (work_schedule_id, ferie_day) values (78, '2022/10/24');
insert into work_schedule (work_schedule_id, ferie_day) values (79, '2022/01/08');
insert into work_schedule (work_schedule_id, ferie_day) values (80, '2022/03/05');
insert into work_schedule (work_schedule_id, ferie_day) values (81, '2022/10/22');
insert into work_schedule (work_schedule_id, ferie_day) values (82, '2022/02/03');
insert into work_schedule (work_schedule_id, ferie_day) values (83, '2022/04/14');
insert into work_schedule (work_schedule_id, ferie_day) values (84, '2022/06/21');
insert into work_schedule (work_schedule_id, ferie_day) values (85, '2022/03/05');
insert into work_schedule (work_schedule_id, ferie_day) values (86, '2022/12/26');
insert into work_schedule (work_schedule_id, ferie_day) values (87, '2022/04/29');
insert into work_schedule (work_schedule_id, ferie_day) values (88, '2022/02/14');
insert into work_schedule (work_schedule_id, ferie_day) values (89, '2022/08/13');
insert into work_schedule (work_schedule_id, ferie_day) values (90, '2022/04/22');
insert into work_schedule (work_schedule_id, ferie_day) values (91, '2022/07/21');
insert into work_schedule (work_schedule_id, ferie_day) values (92, '2022/02/26');
insert into work_schedule (work_schedule_id, ferie_day) values (93, '2022/10/02');
insert into work_schedule (work_schedule_id, ferie_day) values (94, '2022/09/29');
insert into work_schedule (work_schedule_id, ferie_day) values (95, '2022/03/21');
insert into work_schedule (work_schedule_id, ferie_day) values (96, '2022/10/22');
insert into work_schedule (work_schedule_id, ferie_day) values (97, '2022/04/14');
insert into work_schedule (work_schedule_id, ferie_day) values (98, '2022/09/13');
insert into work_schedule (work_schedule_id, ferie_day) values (99, '2022/02/01');
insert into work_schedule (work_schedule_id, ferie_day) values (100, '2022/09/01');
insert into work_schedule (work_schedule_id, ferie_day) values (101, '2022/03/27');
insert into work_schedule (work_schedule_id, ferie_day) values (102, '2022/10/27');
insert into work_schedule (work_schedule_id, ferie_day) values (103, '2022/06/16');
insert into work_schedule (work_schedule_id, ferie_day) values (104, '2022/09/16');
insert into work_schedule (work_schedule_id, ferie_day) values (105, '2022/04/02');
insert into work_schedule (work_schedule_id, ferie_day) values (106, '2022/07/16');
insert into work_schedule (work_schedule_id, ferie_day) values (107, '2022/07/16');
insert into work_schedule (work_schedule_id, ferie_day) values (108, '2022/12/05');
insert into work_schedule (work_schedule_id, ferie_day) values (109, '2022/03/13');
insert into work_schedule (work_schedule_id, ferie_day) values (110, '2022/10/14');
insert into work_schedule (work_schedule_id, ferie_day) values (111, '2022/06/26');
insert into work_schedule (work_schedule_id, ferie_day) values (112, '2022/12/03');
insert into work_schedule (work_schedule_id, ferie_day) values (113, '2022/04/20');
insert into work_schedule (work_schedule_id, ferie_day) values (114, '2022/10/31');
insert into work_schedule (work_schedule_id, ferie_day) values (115, '2022/03/15');
insert into work_schedule (work_schedule_id, ferie_day) values (116, '2022/07/28');
insert into work_schedule (work_schedule_id, ferie_day) values (117, '2022/01/27');
insert into work_schedule (work_schedule_id, ferie_day) values (118, '2022/10/29');
insert into work_schedule (work_schedule_id, ferie_day) values (119, '2022/03/27');
insert into work_schedule (work_schedule_id, ferie_day) values (120, '2022/08/18');
insert into work_schedule (work_schedule_id, ferie_day) values (121, '2022/02/06');
insert into work_schedule (work_schedule_id, ferie_day) values (122, '2022/10/12');
insert into work_schedule (work_schedule_id, ferie_day) values (123, '2022/11/29');
insert into work_schedule (work_schedule_id, ferie_day) values (124, '2022/06/11');
insert into work_schedule (work_schedule_id, ferie_day) values (125, '2022/05/23');
insert into work_schedule (work_schedule_id, ferie_day) values (126, '2022/04/26');
insert into work_schedule (work_schedule_id, ferie_day) values (127, '2022/05/13');
insert into work_schedule (work_schedule_id, ferie_day) values (128, '2022/09/20');
insert into work_schedule (work_schedule_id, ferie_day) values (129, '2022/03/03');
insert into work_schedule (work_schedule_id, ferie_day) values (130, '2022/06/16');
insert into work_schedule (work_schedule_id, ferie_day) values (131, '2022/08/07');
insert into work_schedule (work_schedule_id, ferie_day) values (132, '2022/12/01');
insert into work_schedule (work_schedule_id, ferie_day) values (133, '2022/03/09');
insert into work_schedule (work_schedule_id, ferie_day) values (134, '2022/04/15');
insert into work_schedule (work_schedule_id, ferie_day) values (135, '2022/04/25');
insert into work_schedule (work_schedule_id, ferie_day) values (136, '2022/09/12');
insert into work_schedule (work_schedule_id, ferie_day) values (137, '2022/09/02');
insert into work_schedule (work_schedule_id, ferie_day) values (138, '2022/12/27');
insert into work_schedule (work_schedule_id, ferie_day) values (139, '2022/04/13');
insert into work_schedule (work_schedule_id, ferie_day) values (140, '2022/02/15');
insert into work_schedule (work_schedule_id, ferie_day) values (141, '2022/03/14');
insert into work_schedule (work_schedule_id, ferie_day) values (142, '2022/02/22');
insert into work_schedule (work_schedule_id, ferie_day) values (143, '2022/03/11');
insert into work_schedule (work_schedule_id, ferie_day) values (144, '2022/09/12');
insert into work_schedule (work_schedule_id, ferie_day) values (145, '2022/10/17');
insert into work_schedule (work_schedule_id, ferie_day) values (146, '2022/12/08');
insert into work_schedule (work_schedule_id, ferie_day) values (147, '2022/02/22');
insert into work_schedule (work_schedule_id, ferie_day) values (148, '2022/07/18');
insert into work_schedule (work_schedule_id, ferie_day) values (149, '2022/09/24');
insert into work_schedule (work_schedule_id, ferie_day) values (150, '2022/10/19');
insert into work_schedule (work_schedule_id, ferie_day) values (151, '2022/09/18');
insert into work_schedule (work_schedule_id, ferie_day) values (152, '2022/12/10');
insert into work_schedule (work_schedule_id, ferie_day) values (153, '2022/02/20');
insert into work_schedule (work_schedule_id, ferie_day) values (154, '2022/07/06');
insert into work_schedule (work_schedule_id, ferie_day) values (155, '2022/05/29');
insert into work_schedule (work_schedule_id, ferie_day) values (156, '2022/07/14');
insert into work_schedule (work_schedule_id, ferie_day) values (157, '2022/07/24');
insert into work_schedule (work_schedule_id, ferie_day) values (158, '2022/08/28');
insert into work_schedule (work_schedule_id, ferie_day) values (159, '2022/11/24');
insert into work_schedule (work_schedule_id, ferie_day) values (160, '2022/02/02');
insert into work_schedule (work_schedule_id, ferie_day) values (161, '2022/08/01');
insert into work_schedule (work_schedule_id, ferie_day) values (162, '2022/05/09');
insert into work_schedule (work_schedule_id, ferie_day) values (163, '2022/04/30');
insert into work_schedule (work_schedule_id, ferie_day) values (164, '2022/05/21');
insert into work_schedule (work_schedule_id, ferie_day) values (165, '2022/07/23');
insert into work_schedule (work_schedule_id, ferie_day) values (166, '2022/08/18');
insert into work_schedule (work_schedule_id, ferie_day) values (167, '2022/04/11');
insert into work_schedule (work_schedule_id, ferie_day) values (168, '2022/02/21');

create table employee_work_schedule (
	work_schedule_id INT,
	employee_id INT,
	PRIMARY KEY(employee_id, work_schedule_id)
);
insert into employee_work_schedule (work_schedule_id, employee_id) values (1, 2);
insert into employee_work_schedule (work_schedule_id, employee_id) values (2, 9);
insert into employee_work_schedule (work_schedule_id, employee_id) values (3, 3);
insert into employee_work_schedule (work_schedule_id, employee_id) values (4, 9);
insert into employee_work_schedule (work_schedule_id, employee_id) values (5, 10);
insert into employee_work_schedule (work_schedule_id, employee_id) values (6, 5);
insert into employee_work_schedule (work_schedule_id, employee_id) values (7, 1);
insert into employee_work_schedule (work_schedule_id, employee_id) values (8, 7);
insert into employee_work_schedule (work_schedule_id, employee_id) values (9, 7);
insert into employee_work_schedule (work_schedule_id, employee_id) values (10, 2);
insert into employee_work_schedule (work_schedule_id, employee_id) values (11, 10);
insert into employee_work_schedule (work_schedule_id, employee_id) values (12, 9);
insert into employee_work_schedule (work_schedule_id, employee_id) values (13, 10);
insert into employee_work_schedule (work_schedule_id, employee_id) values (14, 9);
insert into employee_work_schedule (work_schedule_id, employee_id) values (15, 1);
insert into employee_work_schedule (work_schedule_id, employee_id) values (16, 8);
insert into employee_work_schedule (work_schedule_id, employee_id) values (17, 11);
insert into employee_work_schedule (work_schedule_id, employee_id) values (18, 2);
insert into employee_work_schedule (work_schedule_id, employee_id) values (19, 11);
insert into employee_work_schedule (work_schedule_id, employee_id) values (20, 5);
insert into employee_work_schedule (work_schedule_id, employee_id) values (21, 10);
insert into employee_work_schedule (work_schedule_id, employee_id) values (22, 2);
insert into employee_work_schedule (work_schedule_id, employee_id) values (23, 12);
insert into employee_work_schedule (work_schedule_id, employee_id) values (24, 8);
insert into employee_work_schedule (work_schedule_id, employee_id) values (25, 9);
insert into employee_work_schedule (work_schedule_id, employee_id) values (26, 6);
insert into employee_work_schedule (work_schedule_id, employee_id) values (27, 7);
insert into employee_work_schedule (work_schedule_id, employee_id) values (28, 1);
insert into employee_work_schedule (work_schedule_id, employee_id) values (29, 8);
insert into employee_work_schedule (work_schedule_id, employee_id) values (30, 11);
insert into employee_work_schedule (work_schedule_id, employee_id) values (31, 10);
insert into employee_work_schedule (work_schedule_id, employee_id) values (32, 12);
insert into employee_work_schedule (work_schedule_id, employee_id) values (33, 11);
insert into employee_work_schedule (work_schedule_id, employee_id) values (34, 5);
insert into employee_work_schedule (work_schedule_id, employee_id) values (35, 8);
insert into employee_work_schedule (work_schedule_id, employee_id) values (36, 3);
insert into employee_work_schedule (work_schedule_id, employee_id) values (37, 7);
insert into employee_work_schedule (work_schedule_id, employee_id) values (38, 5);
insert into employee_work_schedule (work_schedule_id, employee_id) values (39, 10);
insert into employee_work_schedule (work_schedule_id, employee_id) values (40, 11);
insert into employee_work_schedule (work_schedule_id, employee_id) values (41, 1);
insert into employee_work_schedule (work_schedule_id, employee_id) values (42, 4);
insert into employee_work_schedule (work_schedule_id, employee_id) values (43, 11);
insert into employee_work_schedule (work_schedule_id, employee_id) values (44, 3);
insert into employee_work_schedule (work_schedule_id, employee_id) values (45, 2);
insert into employee_work_schedule (work_schedule_id, employee_id) values (46, 12);
insert into employee_work_schedule (work_schedule_id, employee_id) values (47, 2);
insert into employee_work_schedule (work_schedule_id, employee_id) values (48, 9);
insert into employee_work_schedule (work_schedule_id, employee_id) values (49, 11);
insert into employee_work_schedule (work_schedule_id, employee_id) values (50, 10);
insert into employee_work_schedule (work_schedule_id, employee_id) values (51, 11);
insert into employee_work_schedule (work_schedule_id, employee_id) values (52, 4);
insert into employee_work_schedule (work_schedule_id, employee_id) values (53, 7);
insert into employee_work_schedule (work_schedule_id, employee_id) values (54, 5);
insert into employee_work_schedule (work_schedule_id, employee_id) values (55, 12);
insert into employee_work_schedule (work_schedule_id, employee_id) values (56, 2);
insert into employee_work_schedule (work_schedule_id, employee_id) values (57, 11);
insert into employee_work_schedule (work_schedule_id, employee_id) values (58, 2);
insert into employee_work_schedule (work_schedule_id, employee_id) values (59, 10);
insert into employee_work_schedule (work_schedule_id, employee_id) values (60, 11);
insert into employee_work_schedule (work_schedule_id, employee_id) values (61, 8);
insert into employee_work_schedule (work_schedule_id, employee_id) values (62, 10);
insert into employee_work_schedule (work_schedule_id, employee_id) values (63, 3);
insert into employee_work_schedule (work_schedule_id, employee_id) values (64, 3);
insert into employee_work_schedule (work_schedule_id, employee_id) values (65, 9);
insert into employee_work_schedule (work_schedule_id, employee_id) values (66, 6);
insert into employee_work_schedule (work_schedule_id, employee_id) values (67, 8);
insert into employee_work_schedule (work_schedule_id, employee_id) values (68, 8);
insert into employee_work_schedule (work_schedule_id, employee_id) values (69, 2);
insert into employee_work_schedule (work_schedule_id, employee_id) values (70, 1);
insert into employee_work_schedule (work_schedule_id, employee_id) values (71, 9);
insert into employee_work_schedule (work_schedule_id, employee_id) values (72, 2);
insert into employee_work_schedule (work_schedule_id, employee_id) values (73, 8);
insert into employee_work_schedule (work_schedule_id, employee_id) values (74, 8);
insert into employee_work_schedule (work_schedule_id, employee_id) values (75, 9);
insert into employee_work_schedule (work_schedule_id, employee_id) values (76, 5);
insert into employee_work_schedule (work_schedule_id, employee_id) values (77, 10);
insert into employee_work_schedule (work_schedule_id, employee_id) values (78, 12);
insert into employee_work_schedule (work_schedule_id, employee_id) values (79, 8);
insert into employee_work_schedule (work_schedule_id, employee_id) values (80, 4);
insert into employee_work_schedule (work_schedule_id, employee_id) values (81, 6);
insert into employee_work_schedule (work_schedule_id, employee_id) values (82, 4);
insert into employee_work_schedule (work_schedule_id, employee_id) values (83, 9);
insert into employee_work_schedule (work_schedule_id, employee_id) values (84, 2);
insert into employee_work_schedule (work_schedule_id, employee_id) values (85, 3);
insert into employee_work_schedule (work_schedule_id, employee_id) values (86, 1);
insert into employee_work_schedule (work_schedule_id, employee_id) values (87, 10);
insert into employee_work_schedule (work_schedule_id, employee_id) values (88, 1);
insert into employee_work_schedule (work_schedule_id, employee_id) values (89, 4);
insert into employee_work_schedule (work_schedule_id, employee_id) values (90, 3);
insert into employee_work_schedule (work_schedule_id, employee_id) values (91, 8);
insert into employee_work_schedule (work_schedule_id, employee_id) values (92, 3);
insert into employee_work_schedule (work_schedule_id, employee_id) values (93, 3);
insert into employee_work_schedule (work_schedule_id, employee_id) values (94, 1);
insert into employee_work_schedule (work_schedule_id, employee_id) values (95, 2);
insert into employee_work_schedule (work_schedule_id, employee_id) values (96, 10);
insert into employee_work_schedule (work_schedule_id, employee_id) values (97, 1);
insert into employee_work_schedule (work_schedule_id, employee_id) values (98, 12);
insert into employee_work_schedule (work_schedule_id, employee_id) values (99, 11);
insert into employee_work_schedule (work_schedule_id, employee_id) values (100, 9);
insert into employee_work_schedule (work_schedule_id, employee_id) values (101, 1);
insert into employee_work_schedule (work_schedule_id, employee_id) values (102, 3);
insert into employee_work_schedule (work_schedule_id, employee_id) values (103, 6);
insert into employee_work_schedule (work_schedule_id, employee_id) values (104, 12);
insert into employee_work_schedule (work_schedule_id, employee_id) values (105, 3);
insert into employee_work_schedule (work_schedule_id, employee_id) values (106, 5);
insert into employee_work_schedule (work_schedule_id, employee_id) values (107, 10);
insert into employee_work_schedule (work_schedule_id, employee_id) values (108, 11);
insert into employee_work_schedule (work_schedule_id, employee_id) values (109, 3);
insert into employee_work_schedule (work_schedule_id, employee_id) values (110, 4);
insert into employee_work_schedule (work_schedule_id, employee_id) values (111, 6);
insert into employee_work_schedule (work_schedule_id, employee_id) values (112, 4);
insert into employee_work_schedule (work_schedule_id, employee_id) values (113, 1);
insert into employee_work_schedule (work_schedule_id, employee_id) values (114, 1);
insert into employee_work_schedule (work_schedule_id, employee_id) values (115, 9);
insert into employee_work_schedule (work_schedule_id, employee_id) values (116, 5);
insert into employee_work_schedule (work_schedule_id, employee_id) values (117, 1);
insert into employee_work_schedule (work_schedule_id, employee_id) values (118, 9);
insert into employee_work_schedule (work_schedule_id, employee_id) values (119, 6);
insert into employee_work_schedule (work_schedule_id, employee_id) values (120, 3);
insert into employee_work_schedule (work_schedule_id, employee_id) values (121, 3);
insert into employee_work_schedule (work_schedule_id, employee_id) values (122, 9);
insert into employee_work_schedule (work_schedule_id, employee_id) values (123, 7);
insert into employee_work_schedule (work_schedule_id, employee_id) values (124, 11);
insert into employee_work_schedule (work_schedule_id, employee_id) values (125, 10);
insert into employee_work_schedule (work_schedule_id, employee_id) values (126, 7);
insert into employee_work_schedule (work_schedule_id, employee_id) values (127, 7);
insert into employee_work_schedule (work_schedule_id, employee_id) values (128, 8);
insert into employee_work_schedule (work_schedule_id, employee_id) values (129, 1);
insert into employee_work_schedule (work_schedule_id, employee_id) values (130, 3);
insert into employee_work_schedule (work_schedule_id, employee_id) values (131, 1);
insert into employee_work_schedule (work_schedule_id, employee_id) values (132, 10);
insert into employee_work_schedule (work_schedule_id, employee_id) values (133, 6);
insert into employee_work_schedule (work_schedule_id, employee_id) values (134, 6);
insert into employee_work_schedule (work_schedule_id, employee_id) values (135, 5);
insert into employee_work_schedule (work_schedule_id, employee_id) values (136, 10);
insert into employee_work_schedule (work_schedule_id, employee_id) values (137, 5);
insert into employee_work_schedule (work_schedule_id, employee_id) values (138, 8);
insert into employee_work_schedule (work_schedule_id, employee_id) values (139, 11);
insert into employee_work_schedule (work_schedule_id, employee_id) values (140, 9);
insert into employee_work_schedule (work_schedule_id, employee_id) values (141, 3);
insert into employee_work_schedule (work_schedule_id, employee_id) values (142, 4);
insert into employee_work_schedule (work_schedule_id, employee_id) values (143, 5);
insert into employee_work_schedule (work_schedule_id, employee_id) values (144, 5);
insert into employee_work_schedule (work_schedule_id, employee_id) values (145, 9);
insert into employee_work_schedule (work_schedule_id, employee_id) values (146, 2);
insert into employee_work_schedule (work_schedule_id, employee_id) values (147, 7);
insert into employee_work_schedule (work_schedule_id, employee_id) values (148, 5);
insert into employee_work_schedule (work_schedule_id, employee_id) values (149, 2);
insert into employee_work_schedule (work_schedule_id, employee_id) values (150, 9);
insert into employee_work_schedule (work_schedule_id, employee_id) values (151, 9);
insert into employee_work_schedule (work_schedule_id, employee_id) values (152, 11);
insert into employee_work_schedule (work_schedule_id, employee_id) values (153, 7);
insert into employee_work_schedule (work_schedule_id, employee_id) values (154, 11);
insert into employee_work_schedule (work_schedule_id, employee_id) values (155, 10);
insert into employee_work_schedule (work_schedule_id, employee_id) values (156, 11);
insert into employee_work_schedule (work_schedule_id, employee_id) values (157, 4);
insert into employee_work_schedule (work_schedule_id, employee_id) values (158, 8);
insert into employee_work_schedule (work_schedule_id, employee_id) values (159, 7);
insert into employee_work_schedule (work_schedule_id, employee_id) values (160, 7);
insert into employee_work_schedule (work_schedule_id, employee_id) values (161, 5);
insert into employee_work_schedule (work_schedule_id, employee_id) values (162, 2);
insert into employee_work_schedule (work_schedule_id, employee_id) values (163, 12);
insert into employee_work_schedule (work_schedule_id, employee_id) values (164, 7);
insert into employee_work_schedule (work_schedule_id, employee_id) values (165, 3);
insert into employee_work_schedule (work_schedule_id, employee_id) values (166, 9);
insert into employee_work_schedule (work_schedule_id, employee_id) values (167, 9);
insert into employee_work_schedule (work_schedule_id, employee_id) values (168, 10);


